﻿<?xml version="1.0" encoding="utf-8"?>
<deployment>
  <id>431762391162167</id>
  <author>Microsoft.VisualStudio.Services.TFS</author>
  <deployer>VSTS</deployer>
  <authorEmail />
  <message>{"type":"Deployment","commitId":"da9bd413a392d70174bdcaee36bfa7dad11cbf5a","buildId":"43","buildNumber":"20251106.7","repoProvider":"GitHub","repoName":"AdelMouhaidly/Cp06Devops","collectionUrl":"https://dev.azure.com/RM558485/","teamProject":"71a339ab-5bce-4356-a0c8-40bf69840455","buildProjectUrl":"https://dev.azure.com/RM558485/71a339ab-5bce-4356-a0c8-40bf69840455","repositoryUrl":"https://github.com/AdelMouhaidly/Cp06Devops","branch":"main","teamProjectName":"CP06Devops","slotName":"production"}</message>
  <progress />
  <status>Success</status>
  <statusText />
  <lastSuccessEndTime>2025-11-06T01:07:00.9036029Z</lastSuccessEndTime>
  <receivedTime>2025-11-06T01:07:00.9036029Z</receivedTime>
  <startTime>2025-11-06T01:07:00.9036029Z</startTime>
  <endTime>2025-11-06T01:07:00.9036029Z</endTime>
  <complete>True</complete>
  <is_temp>False</is_temp>
  <is_readonly>True</is_readonly>
  <buildSummary />
</deployment>