﻿<?xml version="1.0" encoding="utf-8"?>
<deployment>
  <id>521762396957303</id>
  <author>Microsoft.VisualStudio.Services.TFS</author>
  <deployer>VSTS</deployer>
  <authorEmail />
  <message>{"type":"Deployment","commitId":"9b8af35acb3eee69ebe33c76448eb9c34a617983","buildId":"52","buildNumber":"20251106.1","repoProvider":"GitHub","repoName":"AdelMouhaidly/Cp06Devops","collectionUrl":"https://dev.azure.com/RM558485/","teamProject":"71a339ab-5bce-4356-a0c8-40bf69840455","buildProjectUrl":"https://dev.azure.com/RM558485/71a339ab-5bce-4356-a0c8-40bf69840455","repositoryUrl":"https://github.com/AdelMouhaidly/Cp06Devops","branch":"main","teamProjectName":"CP06Devops","slotName":"production"}</message>
  <progress />
  <status>Success</status>
  <statusText />
  <lastSuccessEndTime>2025-11-06T02:42:58.0721567Z</lastSuccessEndTime>
  <receivedTime>2025-11-06T02:42:58.0721567Z</receivedTime>
  <startTime>2025-11-06T02:42:58.0721567Z</startTime>
  <endTime>2025-11-06T02:42:58.0721567Z</endTime>
  <complete>True</complete>
  <is_temp>False</is_temp>
  <is_readonly>True</is_readonly>
  <buildSummary />
</deployment>