﻿<?xml version="1.0" encoding="utf-8"?>
<deployment>
  <id>541762398649644</id>
  <author>Microsoft.VisualStudio.Services.TFS</author>
  <deployer>VSTS</deployer>
  <authorEmail />
  <message>{"type":"Deployment","commitId":"27c5a24c30187e34d03b777959f49fbd02099baa","buildId":"54","buildNumber":"20251106.3","repoProvider":"GitHub","repoName":"AdelMouhaidly/Cp06Devops","collectionUrl":"https://dev.azure.com/RM558485/","teamProject":"71a339ab-5bce-4356-a0c8-40bf69840455","buildProjectUrl":"https://dev.azure.com/RM558485/71a339ab-5bce-4356-a0c8-40bf69840455","repositoryUrl":"https://github.com/AdelMouhaidly/Cp06Devops","branch":"main","teamProjectName":"CP06Devops","slotName":"production"}</message>
  <progress />
  <status>Success</status>
  <statusText />
  <lastSuccessEndTime>2025-11-06T03:11:01.2376304Z</lastSuccessEndTime>
  <receivedTime>2025-11-06T03:11:01.2376304Z</receivedTime>
  <startTime>2025-11-06T03:11:01.2376304Z</startTime>
  <endTime>2025-11-06T03:11:01.2376304Z</endTime>
  <complete>True</complete>
  <is_temp>False</is_temp>
  <is_readonly>True</is_readonly>
  <buildSummary />
</deployment>